{"_wandb":{"runtime":16},"mse_list":[14.061805725097656,0.2400919497013092,2.305518388748169,7.797359466552734,7.051245212554932,2.1628434658050537],"_timestamp":1.7420414568845766e+09,"_runtime":16.6861776,"_step":1,"table":[1,0.17505240440368652,0.009999999776482582,[14.061805725097656,0.2400919497013092,2.305518388748169,7.797359466552734,7.051245212554932,2.1628434658050537]]}