{"_runtime":18.3044372,"_step":1,"table":[1,0.14907464385032654,91.48126983642578,[13.967813491821289,0.23946835100650787,2.2973270416259766,7.742710590362549,7.000153541564941,2.1551971435546875]],"_wandb":{"runtime":18},"mse_list":[13.967813491821289,0.23946835100650787,2.2973270416259766,7.742710590362549,7.000153541564941,2.1551971435546875],"_timestamp":1.7420373988396356e+09}