{"_wandb":{"runtime":14},"_runtime":14.6595537,"_step":1,"mse_list":[14.050970077514648,0.2400200068950653,2.3045740127563477,7.791054725646973,7.045350074768066,2.1619608402252197],"_timestamp":1.7420404553622208e+09,"table":[1,0.17205290496349335,9.585991859436035,[14.050970077514648,0.2400200068950653,2.3045740127563477,7.791054725646973,7.045350074768066,2.1619608402252197]]}