{"_runtime":14.8083624,"_step":1,"table":[1,0.1750555783510208,0,[14.06181526184082,0.24009202420711517,2.3055193424224854,7.797365188598633,7.05125093460083,2.16284441947937]],"_wandb":{"runtime":14},"mse_list":[14.06181526184082,0.24009202420711517,2.3055193424224854,7.797365188598633,7.05125093460083,2.16284441947937],"_timestamp":1.742040061329317e+09}