{"_runtime":16.9516288,"_step":1,"table":[1,0.17320986092090607,5.862821578979492,[14.05514907836914,0.24004775285720825,2.304938554763794,7.793487071990967,7.047623157501221,2.1623013019561768]],"_wandb":{"runtime":16},"mse_list":[14.05514907836914,0.24004775285720825,2.304938554763794,7.793487071990967,7.047623157501221,2.1623013019561768],"_timestamp":1.742040616750745e+09}