{"_wandb":{"runtime":24},"mse_list":[14.052358627319336,0.2400292307138443,2.3046951293945312,7.791863441467285,7.04610538482666,2.162074089050293],"_timestamp":1.742040538017104e+09,"_runtime":24.319028,"_step":1,"table":[1,0.1724376082420349,8.343849182128906,[14.052358627319336,0.2400292307138443,2.3046951293945312,7.791863441467285,7.04610538482666,2.162074089050293]]}