{"_runtime":14.3138419,"_step":1,"table":[1,0.09837845712900162,369.0870361328125,[13.783268928527832,0.23824889957904816,2.2812490463256836,7.635711193084717,6.900230884552002,2.140270948410034]],"_wandb":{"runtime":14},"mse_list":[13.783268928527832,0.23824889957904816,2.2812490463256836,7.635711193084717,6.900230884552002,2.140270948410034],"_timestamp":1.7420403228142672e+09}