{"table":[1,0.009347445331513882,3689.434814453125,[13.451580047607422,0.23610228300094604,2.252382278442383,7.446134567260742,6.724211692810059,2.1142308712005615]],"_wandb":{"runtime":14},"mse_list":[13.451580047607422,0.23610228300094604,2.252382278442383,7.446134567260742,6.724211692810059,2.1142308712005615],"_timestamp":1.7420396759054925e+09,"_runtime":14.5239866,"_step":1}