{"_wandb":{"runtime":14},"_step":1,"mse_list":[14.060860633850098,0.2400856614112854,2.305436134338379,7.796809673309326,7.050730228424072,2.162766695022583],"_timestamp":1.742041275375986e+09,"_runtime":14.5922662,"table":[1,0.1747908592224121,0.8350771069526672,[14.060860633850098,0.2400856614112854,2.305436134338379,7.796809673309326,7.050730228424072,2.162766695022583]]}