{"_step":1,"table":[1,0.17424707114696503,1.730830430984497,[14.058897972106934,0.24007265269756317,2.305264949798584,7.795666694641113,7.049662113189697,2.1626064777374268]],"_wandb":{"runtime":19},"mse_list":[14.058897972106934,0.24007265269756317,2.305264949798584,7.795666694641113,7.049662113189697,2.1626064777374268],"_timestamp":1.742037359352569e+09,"_runtime":19.0266997}