{"_runtime":13.9960852,"_step":1,"table":[1,0.171950563788414,9.917192459106445,[14.050600051879883,0.24001753330230713,2.30454158782959,7.790840148925781,7.045147895812988,2.161930561065674]],"_wandb":{"runtime":14},"mse_list":[14.050600051879883,0.24001753330230713,2.30454158782959,7.790840148925781,7.045147895812988,2.161930561065674],"_timestamp":1.7420409142599268e+09}