{"_step":1,"mse_list":[13.783268928527832,0.23824889957904816,2.2812490463256836,7.635711193084717,6.900230884552002,2.140270948410034],"_timestamp":1.742040290284821e+09,"_runtime":13.9105598,"table":[1,0.09837845712900162,369.0870361328125,[13.783268928527832,0.23824889957904816,2.2812490463256836,7.635711193084717,6.900230884552002,2.140270948410034]],"_wandb":{"runtime":13}}