{"_runtime":14.2027066,"_step":1,"table":[1,0.17505240440368652,0.009999999776482582,[14.061805725097656,0.2400919497013092,2.305518388748169,7.797359466552734,7.051245212554932,2.1628434658050537]],"_wandb":{"runtime":14},"mse_list":[14.061805725097656,0.2400919497013092,2.305518388748169,7.797359466552734,7.051245212554932,2.1628434658050537],"_timestamp":1.7420411924609385e+09}