{"_timestamp":1.742037621078381e+09,"_runtime":13.4777992,"_step":1,"table":[1,0.1581142097711563,57.62263870239258,[14.000558853149414,0.23968544602394104,2.300180673599243,7.761740207672119,7.017940044403076,2.157858371734619]],"_wandb":{"runtime":13},"mse_list":[14.000558853149414,0.23968544602394104,2.300180673599243,7.761740207672119,7.017940044403076,2.157858371734619]}