{"mse_list":[14.050507545471191,0.240016907453537,2.3045337200164795,7.790785789489746,7.045097827911377,2.1619229316711426],"_timestamp":1.742041054489247e+09,"table":[1,0.17192500829696655,9.99990463256836,[14.050507545471191,0.240016907453537,2.3045337200164795,7.790785789489746,7.045097827911377,2.1619229316711426]],"_wandb":{"runtime":14},"_runtime":14.4193104,"_step":1}