{"_wandb":{"runtime":33},"mse_list":[14.051340103149414,0.2400224655866623,2.3046064376831055,7.791270732879639,7.045550346374512,2.1619908809661865],"_timestamp":1.742037288100304e+09,"_runtime":33.5904326,"_step":1,"table":[1,0.17215532064437866,9.172039985656738,[14.051340103149414,0.2400224655866623,2.3046064376831055,7.791270732879639,7.045550346374512,2.1619908809661865]]}