{"_timestamp":1.7420406987443724e+09,"table":[1,0.17320986092090607,5.862821578979492,[14.05514907836914,0.24004775285720825,2.304938554763794,7.793487071990967,7.047623157501221,2.1623013019561768]],"_wandb":{"runtime":18},"_runtime":18.0594419,"_step":1,"mse_list":[14.05514907836914,0.24004775285720825,2.304938554763794,7.793487071990967,7.047623157501221,2.1623013019561768]}