{"_runtime":14.182428,"_step":1,"table":[1,0.0970723107457161,378.98553466796875,[13.778489112854004,0.23821745812892914,2.2808327674865723,7.63294792175293,6.897651672363281,2.1398863792419434]],"_wandb":{"runtime":14},"mse_list":[13.778489112854004,0.23821745812892914,2.2808327674865723,7.63294792175293,6.897651672363281,2.1398863792419434],"_timestamp":1.7420403898712664e+09}