{"table":[1,0.009347093291580677,3689.52490234375,[13.451579093933105,0.23610223829746246,2.2523820400238037,7.446133136749268,6.724210262298584,2.1142306327819824]],"_wandb":{"runtime":14},"_timestamp":1.7420397783357425e+09,"_runtime":14.6479553,"_step":1,"mse_list":[13.451579093933105,0.23610223829746246,2.2523820400238037,7.446133136749268,6.724210262298584,2.1142306327819824]}