{"_step":1,"table":[1,0.17450718581676483,1.7321019172668457,[14.059835433959961,0.240078866481781,2.305346727371216,7.796213150024414,7.050173759460449,2.1626830101013184]],"_wandb":{"runtime":16},"mse_list":[14.059835433959961,0.240078866481781,2.305346727371216,7.796213150024414,7.050173759460449,2.1626830101013184],"_timestamp":1.7420408161123705e+09,"_runtime":16.5816975}