{"mse_list":[13.41199779510498,0.23588153719902039,2.248953342437744,7.42565393447876,6.706066608428955,2.1117451190948486],"_timestamp":1.7420399978204374e+09,"_runtime":13.8308876,"_step":1,"table":[1,1.5797349206536637e-08,3.6943315e+06,[13.41199779510498,0.23588153719902039,2.248953342437744,7.42565393447876,6.706066608428955,2.1117451190948486]],"_wandb":{"runtime":13}}