{"_wandb":{"runtime":19},"mse_list":[14.06181526184082,0.24009202420711517,2.3055193424224854,7.797365188598633,7.05125093460083,2.16284441947937],"_timestamp":1.7420370075413375e+09,"_runtime":19.1339355,"_step":1,"table":[1,0.1750555783510208,0,[14.06181526184082,0.24009202420711517,2.3055193424224854,7.797365188598633,7.05125093460083,2.16284441947937]]}